{"cameraMode":{"drawMode":0,"name":"Shaded","section":"Shading Mode"},"sceneLighting":true,"audioPlay":false,"sceneViewState":{"m_AlwaysRefresh":false,"showFog":true,"showSkybox":true,"showFlares":true,"showImageEffects":true,"showParticleSystems":true,"showVisualEffectGraphs":true,"m_FxEnabled":true},"in2DMode":false,"pivot":{"x":-13.255949974060059,"y":0.14602020382881165,"z":20.50661849975586},"rotation":{"x":0.02406347170472145,"y":-0.2982282042503357,"z":0.007484285160899162,"w":0.9543095231056213},"size":11.953185081481934,"orthographic":false}